Id,Descripcion,Fecha,PublicacionId,UsuarioId
1,string,2025-05-24 23:12:40.048,1,1
2,otro comentario,2025-05-25 20:11:06.53,1,1
3,mensaje,2025-05-25 20:26:13.321,2,1
4,mensaje,2025-05-25 20:26:42.289,2,1
5,mensaje,2025-05-25 20:26:42.516,2,1
6,fafaf,2025-05-25 20:27:05.923,1,1
7,fafaffafa,2025-05-25 20:27:08.898,1,1
8,fsfsff,2025-05-25 20:27:16.644,2,1
9,dada,2025-05-25 20:30:04.233,2,1
10,dfgvijunkjndvfjnkdsfv,2025-05-25 20:38:45.912,2,1
11,dfgvijunkjndvfjnkdsfv,2025-05-25 20:38:46.4,2,1
12,dfgvijunkjndvfjnkdsfv,2025-05-25 20:38:46.664,2,1
13,dadaddadada,2025-05-25 20:44:13.935,2,1
14,miau,2025-05-25 20:44:35.598,2,1
15,fdvbfdtgh,2025-05-25 20:44:59.752,2,1
16,fdvbfdtgh,2025-05-25 20:45:18.143,2,1
17,mensaje ultra largo de prueba,2025-05-25 20:55:58.926,2,1
18,otra,2025-05-25 21:23:21.283,1,1
19,comprobar,2025-05-26 14:46:56.578,1,1
20,este lo he hecho repe,2025-05-26 17:34:48.551,6,1
21,este lo he hecho repe,2025-05-26 17:34:49.367,6,1
22,prueba,2025-05-26 17:36:23.733,6,1
23,prueba 2,2025-05-26 17:36:40.322,6,1
24,prueba 2,2025-05-26 17:36:44.207,6,1
25,mas,2025-05-26 17:37:03.465,6,1
26,mas2,2025-05-26 17:37:07.214,6,1
